Year,Employees 
1984,2238
1985,2311
1986,2346
1987,2533
1988,2703
1989,2951
1990,2979
1991,2866
1992,2863
1993,2766
1994,2840
1995,2853
1996,2794
1997,2720
1998,2611
1999,2565
2000,2531
2001,2581
2002,2567
2003,2734
2004,2793
2005,2817
2006,2873
2007,2904
2008,2926
2009,2902
2010,2949
2011,2940
2012,3022
2013,3072
2014,3250
2015,3233
2016,3391
2017,3392
2018,3333
2019,3494
2020,3193
2021,2925
2022,2844
2023,2915
2024,2924
2025,2925
1992 Q2,2875
1992 Q3,2811
1992 Q4,2766
1993 Q1,2742
1993 Q2,2770
1993 Q3,2759
1993 Q4,2791
1994 Q1,2815
1994 Q2,2824
1994 Q3,2864
1994 Q4,2857
1995 Q1,2874
1995 Q2,2868
1995 Q3,2846
1995 Q4,2825
1996 Q1,2776
1996 Q2,2790
1996 Q3,2818
1996 Q4,2790
1997 Q1,2765
1997 Q2,2721
1997 Q3,2699
1997 Q4,2693
1998 Q1,2665
1998 Q2,2606
1998 Q3,2586
1998 Q4,2588
1999 Q1,2580
1999 Q2,2588
1999 Q3,2556
1999 Q4,2537
2000 Q1,2534
2000 Q2,2518
2000 Q3,2545
2000 Q4,2526
2001 Q1,2570
2001 Q2,2583
2001 Q3,2603
2001 Q4,2568
2002 Q1,2580
2002 Q2,2563
2002 Q3,2568
2002 Q4,2556
2003 Q1,2611
2003 Q2,2722
2003 Q3,2795
2003 Q4,2807
2004 Q1,2776
2004 Q2,2826
2004 Q3,2772
2004 Q4,2797
2005 Q1,2798
2005 Q2,2807
2005 Q3,2831
2005 Q4,2833
2006 Q1,2865
2006 Q2,2853
2006 Q3,2877
2006 Q4,2896
2007 Q1,2908
2007 Q2,2907
2007 Q3,2902
2007 Q4,2899
2008 Q1,2946
2008 Q2,2947
2008 Q3,2915
2008 Q4,2898
2009 Q1,2918
2009 Q2,2869
2009 Q3,2903
2009 Q4,2917
2010 Q1,2940
2010 Q2,2928
2010 Q3,2990
2010 Q4,2938
2011 Q1,2883
2011 Q2,2906
2011 Q3,2978
2011 Q4,2992
2012 Q1,2992
2012 Q2,3032
2012 Q3,3016
2012 Q4,3049
2013 Q1,3018
2013 Q2,3013
2013 Q3,3066
2013 Q4,3192
2014 Q1,3272
2014 Q2,3262
2014 Q3,3258
2014 Q4,3209
2015 Q1,3207
2015 Q2,3195
2015 Q3,3227
2015 Q4,3302
2016 Q1,3345
2016 Q2,3396
2016 Q3,3402
2016 Q4,3421
2017 Q1,3429
2017 Q2,3422
2017 Q3,3381
2017 Q4,3338
2018 Q1,3294
2018 Q2,3334
2018 Q3,3328
2018 Q4,3375
2019 Q1,3477
2019 Q2,3450
2019 Q3,3492
2019 Q4,3558
2020 Q1,3431
2020 Q2,3259
2020 Q3,3102
2020 Q4,2979
2021 Q1,2962
2021 Q2,2953
2021 Q3,2923
2021 Q4,2862
2022 Q1,2886
2022 Q2,2820
2022 Q3,2838
2022 Q4,2830
2023 Q1,2880
2023 Q2,2862
2023 Q3,2926
2023 Q4,2992
2024 Q1,2896
2024 Q2,2930
2024 Q3,2912
2024 Q4,2960
2025 Q1,2949
2025 Q2,2949
2025 Q3,2917
2025 Q4,2885
2026 Q1,2984
2026 Q2,2913
1992 APR,2854
1992 MAY,2875
1992 JUN,2861
1992 JUL,2837
1992 AUG,2811
1992 SEP,2810
1992 OCT,2777
1992 NOV,2766
1992 DEC,2745
1993 JAN,2759
1993 FEB,2742
1993 MAR,2747
1993 APR,2772
1993 MAY,2770
1993 JUN,2750
1993 JUL,2759
1993 AUG,2759
1993 SEP,2764
1993 OCT,2778
1993 NOV,2791
1993 DEC,2799
1994 JAN,2817
1994 FEB,2815
1994 MAR,2829
1994 APR,2832
1994 MAY,2824
1994 JUN,2825
1994 JUL,2832
1994 AUG,2864
1994 SEP,2855
1994 OCT,2866
1994 NOV,2857
1994 DEC,2862
1995 JAN,2854
1995 FEB,2874
1995 MAR,2870
1995 APR,2870
1995 MAY,2868
1995 JUN,2848
1995 JUL,2836
1995 AUG,2846
1995 SEP,2858
1995 OCT,2836
1995 NOV,2825
1995 DEC,2790
1996 JAN,2771
1996 FEB,2776
1996 MAR,2779
1996 APR,2769
1996 MAY,2790
1996 JUN,2789
1996 JUL,2822
1996 AUG,2818
1996 SEP,2812
1996 OCT,2798
1996 NOV,2790
1996 DEC,2779
1997 JAN,2767
1997 FEB,2765
1997 MAR,2757
1997 APR,2738
1997 MAY,2721
1997 JUN,2716
1997 JUL,2704
1997 AUG,2699
1997 SEP,2699
1997 OCT,2700
1997 NOV,2693
1997 DEC,2685
1998 JAN,2691
1998 FEB,2665
1998 MAR,2650
1998 APR,2625
1998 MAY,2606
1998 JUN,2595
1998 JUL,2577
1998 AUG,2586
1998 SEP,2595
1998 OCT,2594
1998 NOV,2588
1998 DEC,2593
1999 JAN,2580
1999 FEB,2580
1999 MAR,2578
1999 APR,2574
1999 MAY,2588
1999 JUN,2579
1999 JUL,2571
1999 AUG,2556
1999 SEP,2518
1999 OCT,2539
1999 NOV,2537
1999 DEC,2541
2000 JAN,2536
2000 FEB,2534
2000 MAR,2534
2000 APR,2522
2000 MAY,2518
2000 JUN,2545
2000 JUL,2538
2000 AUG,2545
2000 SEP,2551
2000 OCT,2545
2000 NOV,2526
2000 DEC,2548
2001 JAN,2565
2001 FEB,2570
2001 MAR,2575
2001 APR,2579
2001 MAY,2583
2001 JUN,2575
2001 JUL,2591
2001 AUG,2603
2001 SEP,2590
2001 OCT,2579
2001 NOV,2568
2001 DEC,2566
2002 JAN,2563
2002 FEB,2580
2002 MAR,2563
2002 APR,2583
2002 MAY,2563
2002 JUN,2585
2002 JUL,2578
2002 AUG,2568
2002 SEP,2566
2002 OCT,2549
2002 NOV,2556
2002 DEC,2594
2003 JAN,2610
2003 FEB,2611
2003 MAR,2645
2003 APR,2681
2003 MAY,2722
2003 JUN,2736
2003 JUL,2777
2003 AUG,2795
2003 SEP,2799
2003 OCT,2806
2003 NOV,2807
2003 DEC,2798
2004 JAN,2790
2004 FEB,2776
2004 MAR,2794
2004 APR,2777
2004 MAY,2826
2004 JUN,2793
2004 JUL,2793
2004 AUG,2772
2004 SEP,2807
2004 OCT,2807
2004 NOV,2797
2004 DEC,2783
2005 JAN,2799
2005 FEB,2798
2005 MAR,2797
2005 APR,2820
2005 MAY,2807
2005 JUN,2818
2005 JUL,2810
2005 AUG,2831
2005 SEP,2813
2005 OCT,2831
2005 NOV,2833
2005 DEC,2842
2006 JAN,2851
2006 FEB,2865
2006 MAR,2874
2006 APR,2852
2006 MAY,2853
2006 JUN,2858
2006 JUL,2880
2006 AUG,2877
2006 SEP,2888
2006 OCT,2895
2006 NOV,2896
2006 DEC,2924
2007 JAN,2922
2007 FEB,2908
2007 MAR,2905
2007 APR,2907
2007 MAY,2907
2007 JUN,2897
2007 JUL,2904
2007 AUG,2902
2007 SEP,2911
2007 OCT,2901
2007 NOV,2899
2007 DEC,2901
2008 JAN,2955
2008 FEB,2946
2008 MAR,2939
2008 APR,2941
2008 MAY,2947
2008 JUN,2942
2008 JUL,2913
2008 AUG,2915
2008 SEP,2886
2008 OCT,2900
2008 NOV,2898
2008 DEC,2918
2009 JAN,2919
2009 FEB,2918
2009 MAR,2911
2009 APR,2892
2009 MAY,2869
2009 JUN,2895
2009 JUL,2923
2009 AUG,2903
2009 SEP,2909
2009 OCT,2898
2009 NOV,2917
2009 DEC,2906
2010 JAN,2913
2010 FEB,2940
2010 MAR,2949
2010 APR,2932
2010 MAY,2928
2010 JUN,2949
2010 JUL,2962
2010 AUG,2990
2010 SEP,2932
2010 OCT,2944
2010 NOV,2938
2010 DEC,2929
2011 JAN,2916
2011 FEB,2883
2011 MAR,2893
2011 APR,2891
2011 MAY,2906
2011 JUN,2915
2011 JUL,2951
2011 AUG,2978
2011 SEP,3021
2011 OCT,3009
2011 NOV,2992
2011 DEC,2995
2012 JAN,2990
2012 FEB,2992
2012 MAR,3010
2012 APR,3019
2012 MAY,3032
2012 JUN,3036
2012 JUL,3013
2012 AUG,3016
2012 SEP,3024
2012 OCT,3035
2012 NOV,3049
2012 DEC,3008
2013 JAN,3012
2013 FEB,3018
2013 MAR,3028
2013 APR,3012
2013 MAY,3013
2013 JUN,3033
2013 JUL,3066
2013 AUG,3066
2013 SEP,3095
2013 OCT,3177
2013 NOV,3192
2013 DEC,3247
2014 JAN,3270
2014 FEB,3272
2014 MAR,3270
2014 APR,3268
2014 MAY,3262
2014 JUN,3251
2014 JUL,3258
2014 AUG,3258
2014 SEP,3260
2014 OCT,3238
2014 NOV,3209
2014 DEC,3223
2015 JAN,3212
2015 FEB,3207
2015 MAR,3194
2015 APR,3157
2015 MAY,3195
2015 JUN,3183
2015 JUL,3170
2015 AUG,3227
2015 SEP,3268
2015 OCT,3273
2015 NOV,3302
2015 DEC,3299
2016 JAN,3323
2016 FEB,3345
2016 MAR,3360
2016 APR,3400
2016 MAY,3396
2016 JUN,3396
2016 JUL,3427
2016 AUG,3402
2016 SEP,3353
2016 OCT,3391
2016 NOV,3421
2016 DEC,3441
2017 JAN,3443
2017 FEB,3429
2017 MAR,3417
2017 APR,3416
2017 MAY,3422
2017 JUN,3414
2017 JUL,3405
2017 AUG,3381
2017 SEP,3355
2017 OCT,3322
2017 NOV,3338
2017 DEC,3350
2018 JAN,3314
2018 FEB,3294
2018 MAR,3336
2018 APR,3354
2018 MAY,3334
2018 JUN,3337
2018 JUL,3326
2018 AUG,3328
2018 SEP,3348
2018 OCT,3390
2018 NOV,3375
2018 DEC,3409
2019 JAN,3414
2019 FEB,3477
2019 MAR,3463
2019 APR,3419
2019 MAY,3450
2019 JUN,3462
2019 JUL,3509
2019 AUG,3492
2019 SEP,3479
2019 OCT,3535
2019 NOV,3558
2019 DEC,3532
2020 JAN,3523
2020 FEB,3431
2020 MAR,3360
2020 APR,3311
2020 MAY,3259
2020 JUN,3205
2020 JUL,3142
2020 AUG,3102
2020 SEP,3089
2020 OCT,3060
2020 NOV,2979
2020 DEC,2991
2021 JAN,2935
2021 FEB,2962
2021 MAR,2948
2021 APR,2967
2021 MAY,2953
2021 JUN,2970
2021 JUL,2927
2021 AUG,2923
2021 SEP,2927
2021 OCT,2877
2021 NOV,2862
2021 DEC,2869
2022 JAN,2899
2022 FEB,2886
2022 MAR,2823
2022 APR,2823
2022 MAY,2820
2022 JUN,2871
2022 JUL,2879
2022 AUG,2838
2022 SEP,2796
2022 OCT,2790
2022 NOV,2830
2022 DEC,2844
2023 JAN,2869
2023 FEB,2880
2023 MAR,2917
2023 APR,2915
2023 MAY,2862
2023 JUN,2827
2023 JUL,2852
2023 AUG,2926
2023 SEP,2910
2023 OCT,2933
2023 NOV,2992
2023 DEC,2942
2024 JAN,2902
2024 FEB,2896
2024 MAR,2962
2024 APR,2950
2024 MAY,2930
2024 JUN,2882
2024 JUL,2876
2024 AUG,2912
2024 SEP,2947
2024 OCT,2974
2024 NOV,2960
2024 DEC,2974
2025 JAN,2989
2025 FEB,2949
2025 MAR,2925
2025 APR,2951
2025 MAY,2949
2025 JUN,2957
2025 JUL,2940
2025 AUG,2917
2025 SEP,2902
2025 OCT,2876
2025 NOV,2885
2025 DEC,2902
2026 JAN,2938
2026 FEB,2984
2026 MAR,2938
2026 APR,2900
2026 MAY,2913
2026 JUN,2936